number,top_at_tags
19,YouTube
18,POTUS
8,RepMTG
7,NPR
7,GOP
5,mitchellvii
5,cspanwj
5,TeenVogue
5,PoliticusSarah
5,PBS
5,JennaEllisEsq
4,nytimes
4,elonmusk
4,SecretaryPete
4,KanekoaTheGreat
4,EdKrassen
3,myblogpay
3,mtaibbi
3,laurenboebert
3,VanityFair
3,NBCNews
3,MSNBC
3,KariLake
3,JoeBiden
3,Jim_Jordan
3,FoxNews
3,Chota_trump
2,watkins108
2,washingtonpost
2,udogumpel
2,thephysicsmill
2,stillgray
2,srod409
2,soledadobrien
2,realDonaldTrump
2,minnie5Gbwu
2,metoo
2,l1l11II1iiiiiii
2,johnmdudley
2,joerogan
2,gofittergroup
2,drdavidbull
2,anitaleirfall
2,_Shiv_Bhakt
2,_ATS_22
2,WhiteHouse
2,Tonycongiliaro
2,The_Trump_Train
2,TheYellowKazoo
2,TheJusticeDept
2,TalkTV
2,StuartAndrew
2,StephenM
2,SpeakerPelosi
2,SpeakerMcCarthy
2,SiecleDigital
2,ShanRussell72
2,SenatorWong
2,SecYellen
2,SPT_90
2,RichardMarlesMP
2,Rhonda69838780
2,ResoluteSquare
2,RepMcCaul
2,RepMattGaetz
2,RepJeffries
2,RepDonaldsPress
2,RepBoebert
2,RealWadeWilliam
2,Radha_rani_ji
2,Paxi_ESAKids
2,PatrickBury
2,NeverNikkiSC
2,NASA
2,MarkDavis
2,LeaderMcConnell
2,LG73_
2,Kristop16771116
2,Karl_Lauterbach
2,JeremyVineOn5
2,JamesComer
2,Jakers_the_cat
2,JDVance1
2,ImlynneeWall
2,ImMeme0
2,IanCEmpey
2,ILLRAISER
2,GovRonDeSantis
2,GoldbergArielX
2,GYamey
2,Etsy
2,EliseStefanik
2,DebCat12
2,DavidAsmanfox
2,Danger_Rand
2,CommonSensaye
2,CNN
2,CG0054
2,CBSNews
2,BrianOHara8
2,Breaking911
2,AstralMonk13
2,Arunk750
2,AdamMancini4
2,AdamHGrimes
2,Aaronlewismusic
2,AOC
2,AKASHgSANATANI
2,ABC
2,91ag_
1,uklabour
1,tiktok_us
1,tedcruz
1,realstewpeters
1,real_thaku
1,multiversX
1,mirandadevine
1,mikepompeo
1,mark_melbin
1,maddow
1,lovveeliii
1,legitbrittfl
1,l_wiegert
1,kopopoulous
1,katarinabarley
1,kalika4_bjp
1,joncoopertweets
1,john4brexit
1,itsJeffTiedrich
1,iamsrk
1,hrkbenowen
1,hodgetwins
1,grantstern
1,goodfoodgal
1,ghanayesu
1,democracydemon2
1,davaughn101
1,dailymaverick
1,berlusconi
1,_FriedrichMerz
1,_EalingNews
1,ZaleskiLuke
1,William68079995
1,WarrenFarmNR
1,Voice_For_India
1,ViperViru5
1,VincentCrypt46
1,U_ma_88
1,USDOTFRA
1,USDOT
1,USAmbIndia
1,TuckerCarlson
1,TrumpTower
1,Trump
1,TimMoor37901012
1,TheWidestAngle
1,ThePoliticalPom
1,ThatGinaLeone
1,TaxDoctorNG
1,SusanneZ12
1,SkyNewsAust
1,Shelby_Kramp
1,Shakes19Berry
1,SerenaBellavita
1,SenateGOP
1,SenateFloor
1,SchmittNYC
1,SRGSSR
1,RonFilipkowski
1,RepJamesComer
1,RepBuddyCarter
1,RepBenCline
1,RepAndyBiggsAZ
1,RealDonaldTrump
1,Raisasheikh54
1,Q_Spamtom
1,PierrePoilievre
1,PeterObi
1,PelcPat
1,NurderK
1,NunesAlt
1,Nowherespecia10
1,NikkiHaley
1,MsNicoleTucker1
1,Matthew33381551
1,Mag71Mag
1,MaddowBlog
1,LauraLoomer
1,LadyDoctorSays
1,LAPDHQ
1,KenRoth
1,KamalaHarris
1,KaladinFree
1,JohannesNormann
1,JoJoFromJerz
1,JackPosobiec
1,J0Y_88
1,HuffPost
1,HouseFloor
1,HiRezTheRapper
1,HawleyMO
1,Hawkcable
1,Gioia_assi
1,GeorgeGarbow3
1,GawdZilla777
1,GarrettShorr
1,GOPoversight
1,FridayInHalifax
1,FootscraysFine1
1,FlowersInAbyss
1,FPWellman
1,FEC
1,FBIWFO
1,Esqueer_
1,DashDobrofsky
1,DOJCrimDiv
1,CraptnFreedom
1,ChoooCole
1,CherylGilmer9
1,CaseyDeSantis
1,Carlo96446381
1,CNNPolitics
1,CIA
1,BradMossEsq
1,Bernd_7
1,BerlinGestalter
1,BBCLondonNews
1,BBC
1,AymannJames
1,Antonio80155302
1,AngeliqueSuzan1
1,ACTBrigitte
