number,top_hash_tags
113,donaldtrump
109,trump
76,randomtrump
76,giphy
76,gifs
76,gif
29,DonaldTrump
27,trumpcrimefamily
21,Trump
12,TRUMP2024
12,NFTGiveaways
12,NFTCommunity
12,NFT
9,news
9,JoeBiden
9,Biden
8,MAGA
8,America
6,usnews
6,USA
6,HotTake
5,IWonder
5,IBelieveThat
5,Georgia
4,politics
4,maga
4,joebiden
4,UkraineRussiaWar
4,Tigray
4,SignatureBank
4,SVBCollapse
4,Obama
4,GOP
4,FreeMoney
4,BidenWorstPresidentEver
4,BankingCrisis
3,zelensky
3,youtubeshorts
3,wwg
3,woke
3,wga
3,wakeup
3,wagner
3,virtuesignalling
3,victorianuland
3,usa
3,ukrainerussianwar
3,ukrainearmy
3,twinhypesensation
3,truth
3,trumptrain
3,trumpincuffs
3,treason
3,tiktokchallenge
3,thegreatawakening
3,svb
3,shorts
3,russia
3,republican
3,redpilled
3,redpill
3,rarible
3,rap
3,quietstormandd
3,qanon
3,putin
3,presidents
3,podcast
3,music
3,moneydance
3,mgtow
3,masculinity
3,makeamericagreatagain
3,kyiv
3,kag
3,iraq
3,indict
3,hiphopnews
3,hiphopMusic
3,feminism
3,ethereum
3,draintheswamp
3,crypto
3,convict
3,conservative
3,bronxrapper
3,breaking
3,bakhmut
3,arrest
3,YouTube
3,WhitePrivilege
3,VoteBlueEveryElection
3,Violence
3,Video
3,Ukraine
3,USPolitics
3,TuckerCarlson
3,TrumpCoupAttempt
3,Treason
3,TikTokライブ配信
3,TikTokライブ
3,TikTok
3,TeddyRoosevelt
3,StopWillow
3,Sedition
3,ScienceDidThat
3,SSOT
3,RupertMurdoch
3,RonDeFascist
3,RepublicanPrimary
3,PresidentialElection
3,PosterBoy
3,Politics
3,Pence
3,Muslim
3,MakeAmericaGreatAgain
3,Lies
3,LBJ
3,KubiLive
3,JuticeForAll
3,Jesus
3,January6Insurrection
3,Jan6
3,JFK
3,Hypocrisy
3,Google
3,God
3,FreeAssangeNOW
3,FoxNews
3,FOXLIES
3,EritreaOutOfTigray
3,ElonMusk
3,Election2024
3,DoBetter
3,Democracy
3,DemVoice1
3,DeShitler
3,AmeriKKKa
3,AbrahamLincoln
3,1063atl
3,1
3,039
2,yugioh
2,sanctioning
2,russiancollusion
2,republicans
2,nazi
2,israel
2,border
2,auspol
2,WorstPresidentEver
2,WILLOW
2,US
2,StopWillowProject
2,SiliconValleyBank
2,SVB
2,MondayThoughts
2,LetsGoBrandon
2,JulianAssange
2,IsraeliApartheid
2,ImpeachBiden
2,Georgian
2,FreeAssange
2,Democrat
2,CorruptionParty
2,ArtOfNuclearWar2023
2,American
1,vet
1,varients
1,vanilla
1,vaccines
1,vaccinations
1,us
1,th
1,syria
1,siliconevalleybank
1,silence
1,sanctions
1,policeman
1,oilandgas
1,kudlow
1,jennaellis
1,international_law
1,insurrection
1,insurance
1,impeachbidenadministration
1,immigrants
1,homeless
1,hitler
1,healthcare
1,geopolitics
1,freetheJ6politicalprisoners
1,freepress
1,fjb
1,fimancialcrises
1,democracy
1,damascus
1,communist
1,colorado
1,collapse
1,chocolate
1,cancelthesubs
1,businessleader
1,business
1,bureaucracy
1,biden
1,banruptcy
1,banking
1,bailout
1,antonioguterres
1,adolfhitler
1,adolf
1,administration
1,Worthless
1,WorldBank
1,WomensRightsAreHumanRights
1,WomensHistoryMonth
1,Woke
1,WhatsThePlan
1,WestBank
1,WeThePeople
1,WagnerPMC
1,WWII
1,UnitedStatesOfAmerica
1,UkraineWar
1,UkraineRussianWar
1,USpolitics
1,TwitterAlternative
1,TrumpIsHitler
1,Transitory
1,TigrayGenocide
1,TheWall
1,TheRide
1,TheNazis
1,TalkingPoints
1,Stupidnomics
1,StatueOfLiberty
1,SomeOneIsMakingStuffUpAgain
1,Silicon_Valley_Bank
1,SiliconValley
1,STAGFLATION
1,RussianUkrainianWar
1,RussianArmy
1,RockyRoad
1,RichieRich
1,ReligiousFreedom
1,Recycled
1,Pathetic
1,Palestine
1,OpenYourEyes
1,OnThisDay
1,Ohio
1,ObamaEra
1,Nationwide_strikes
1,Nationwide_protests
1,MorningJoe
1,MarketUpdate
1,Logic
1,Liberty
1,KinzingerIsAFraud
1,JusticeForKimberley
1,Justice4Tigray
1,January6
1,J6
1,InJoeBidensAmerica
1,ImpeachCartelBossBiden
1,Immigrants
1,HumanRights
1,HardWork
1,HHS
1,GTFO
1,FuckJoeBiden
1,FreePress
1,FreePalestine
1,FreeDanDuggan
1,FreeAlexSaab
1,Freakonomics
1,Flint
1,FinancialCrisis
1,Fentanyl
1,Facebook
1,FJB
1,FBI
1,Espionage
1,Equality
1,EndTigrayGenocide
1,Election
1,DropTheCharges
1,DomesticTerrorist
1,Discrimination
1,Details
1,DemocratsLieAboutEverything
1,Democrats
1,DemocracyNotAutocracy
1,Covid19
1,CourtMarshalBiden
1,CoronaVirus
1,ClimateChange
1,ClassifiedDocuments
1,ChuckSchumer
1,Chinese
1,ChinamenImperialism
1,China
1,Caressing
1,CCP
1,Buzzerly
1,ButterPecan
1,BrendanFraser
1,BorderCrisisSolved
1,BlackHistoryIsAmericanHistory
1,Bitcoin
1,Bidenomics
1,BidenLies
1,AmericanPeople
1,AmericanFlag
1,AjayBanga
1,8217
1,2024
